-- --------------------------------------------------------
-- Host:                         127.0.0.1
-- Server version:               5.6.17 - MySQL Community Server (GPL)
-- Server OS:                    Win64
-- HeidiSQL Version:             8.1.0.4545
-- --------------------------------------------------------

/*!40101 SET @OLD_CHARACTER_SET_CLIENT=@@CHARACTER_SET_CLIENT */;
/*!40101 SET NAMES utf8 */;
/*!40014 SET @OLD_FOREIGN_KEY_CHECKS=@@FOREIGN_KEY_CHECKS, FOREIGN_KEY_CHECKS=0 */;
/*!40101 SET @OLD_SQL_MODE=@@SQL_MODE, SQL_MODE='NO_AUTO_VALUE_ON_ZERO' */;

-- Dumping database structure for library_project
CREATE DATABASE IF NOT EXISTS `library_project` /*!40100 DEFAULT CHARACTER SET utf8 */;
USE `library_project`;

-- Dumping structure for table library_project.book
CREATE TABLE IF NOT EXISTS `book` (
  `book_id` varchar(15) NOT NULL DEFAULT '',
  `title` varchar(100) DEFAULT NULL,
  PRIMARY KEY (`book_id`)
) ENGINE=InnoDB DEFAULT CHARSET=utf8;

-- Dumping data for table library_project.book: ~213 rows (approximately)
DELETE FROM `book`;
/*!40000 ALTER TABLE `book` DISABLE KEYS */;
INSERT INTO `book` (`book_id`, `title`) VALUES
	('014051452X', 'The Penguin Guide to Jazz on C.d (Penguin Guide to Jazz on Cd, 5th Ed)'),
	('020163371X', 'More Effective C++ : 35 New Ways to Improve Your Programs and Designs'),
	('020165783X', 'UML Distilled, Second Edition'),
	('034538475X', 'The tale of the body thief'),
	('037541164X', 'India Unbound'),
	('038071115X', 'The Soul of a New Machine'),
	('039914563X', 'Bear and the Dragon, The'),
	('042510107X', 'Red Storm Rising'),
	('062593460X', 'Crazy Plates'),
	('067100767X', 'Rain'),
	('067944551X', 'Jazz : A History of American Music'),
	('067976674X', 'Selected Stories'),
	('076454621X', '3D Studio Max R3'),
	('083512035x', 'Two Year in the Melting pot'),
	('093570261x', 'Chemical Structure and Bonding'),
	('120594757', 'Practical Process Research and Development'),
	('120848104', 'Costa Rica: The Ecotraveller Wildlife Guide'),
	('125535600', 'Theory and Applications of Numerical Analysis'),
	('130264857', 'Algebra 1'),
	('130273635', 'Thinking in Java'),
	('130819735', 'Essentials of management'),
	('134897250', 'Object Oriented Software Engineering, Conquering Complex and Changing Systems'),
	('136603904', 'Assembly Language for Intel-Based Computers'),
	('137566107', 'IBM PC Assembly Language and Programming, Fourth Edition'),
	('138613370', 'A First Course in Database Systems'),
	('151004714', 'The Last Life'),
	('1552047210', 'James Herriots Favorite Dog Stories'),
	('1557044287', 'Gladiator'),
	('156007088', 'Walking with the Wind'),
	('156007754', 'Blindness'),
	('1565922840', 'Learning Perl'),
	('1565926099', 'Perl for System Administration'),
	('1565926269', 'Access Database Design And Programming'),
	('1565927699', 'PHP Pocket Reference'),
	('1566912296', 'Rick Steve Italy 2001'),
	('1573225312', 'Native Speaker'),
	('1576572862', 'The Little Green Fish'),
	('1576573842', 'Santa\'s Workshop'),
	('1581950098', 'Nabokovs Blues : The Scientific Odyssey of a Literary Genius'),
	('1584500492', 'Game Programming Gems'),
	('1586480103', 'MyWar'),
	('1861003730', 'Beginning PHP4'),
	('1864364432', 'In Six Days : Why 50 Scientists Choose to Believe in Creation'),
	('1878529234', 'Chinese Furniture'),
	('1884133258', 'C/C++ programmer\'s bible'),
	('1902618351', 'My TV is Alive!: Real Life Robots, Future Computers and Clones'),
	('1930110006', 'Data Munging with Perl'),
	('198503652', 'The Meme Machine'),
	('201379260', 'The C++ Standard Library : A Tutorial and Reference'),
	('201612585', 'Oracle8 Programming a primer'),
	('201615622', 'Exceptional C++: 47 Engineering Puzzles, Programming Problems'),
	('201615711', 'Network Programming with Perl'),
	('201634422', 'An Engineering Approach to computer networks'),
	('201700735', 'The C++ Programming Language Special Edition'),
	('201709287', 'Foundation for Future Database Systems: The Third Manifesto'),
	('256228779', 'Marketing: Creating Value for Customers'),
	('262041642', 'Robot Shaping: An Experiment in Behavior Engineering'),
	('262133822', 'Robo Sapiens: Evolution of a New Species'),
	('262181916', 'Advice for a Young Investigator'),
	('30059380', 'Fundamentals of Analytical Chemistry'),
	('30303370', 'Essentials of Chemistry'),
	('30615372', 'The Mbuti Pygmies'),
	('312135033', 'Great Catherine'),
	('312965095', 'This Time for Keeps'),
	('314129499', 'American Government'),
	('316154075', 'A Darkness More than Night'),
	('316695262', 'Right as Rain'),
	('316769487', 'Catcher in the Rye'),
	('345298063', 'Peter the Great : His Life and World'),
	('345313860', 'The vampire lestat'),
	('345337662', 'Interview with a vampire'),
	('345350499', 'The mists of avalon'),
	('345370775', 'Jurassic Park'),
	('345377648', 'Lasher'),
	('345384466', 'The Witching Hour'),
	('345417623', 'Timeline'),
	('345419758', 'Air Force One Has Landed'),
	('345438310', 'Nicholas and Alexandra'),
	('374141231', 'The Second Creation: Dolly and the Age of Biological Control'),
	('375400818', 'Reading Lyrics'),
	('375502025', 'The Greatest Generation'),
	('375810609', 'Bonjour Babar'),
	('385326653', 'Kits Wilderness'),
	('385479565', 'The Hot Zone'),
	('387987010', 'Rare Earth: Why Complex Life is Uncommon in the Universe'),
	('393314251', 'The Mismeasure of Man'),
	('393316009', 'Ship Fever'),
	('395851580', 'George and Martha the complete stories of two best friends'),
	('399146652', 'The Cat Who Smelled a Rat'),
	('399147020', 'Blood Lure'),
	('399501487', 'Lord of the Flies: A Novel'),
	('425133540', 'The Sum of All Fears'),
	('425143325', 'Without Remorse'),
	('425147584', 'Debt Of Honor'),
	('439064864', 'Harry Potter and the chambers of secrets'),
	('439136350', 'Harry Potter and the chamber of secrets'),
	('439139597', 'Harry Potter and the goblet of fire'),
	('440413729', 'Belle Prater\'s Boy'),
	('446310783', 'To Kill a Mockingbird'),
	('449202496', 'All Quiet on the Western Front'),
	('449911942', 'Rabbit at Rest'),
	('452272971', 'A Very Long Engagement'),
	('465041752', 'The Ape and the Sushi Master'),
	('471105597', 'Fundamentals of Physics Extended'),
	('471135615', 'Islands In the Sky: Bold New Ideas for Colonizing Space'),
	('471169196', 'Financial Accounting: tools for business decision making'),
	('471534781', 'Elementary Principles of Chemical Processes'),
	('471587192', 'SALAS and HILLES CALCULUS'),
	('471597619', 'Analytical Chemistry'),
	('505523078', 'Virtual Heaven'),
	('517707950', 'The Law of Love'),
	('528838180', 'Coast-to-Coast Games'),
	('531164497', 'Spiders of North America'),
	('534368018', 'A First Book of C++: From Here to There'),
	('534944469', 'Discrete Mathematics with Applications'),
	('553102370', 'Eaters of the Dead'),
	('553283936', 'The Negotiator'),
	('553575538', 'Stealing Shadows'),
	('553577476', 'Lady Reckless'),
	('590262540', 'The Threat'),
	('590494368', 'The Underground'),
	('590494414', 'The Decision'),
	('590496379', 'The Discovery'),
	('590956159', 'In the Time of Dinosausrs'),
	('596000278', 'Programming Perl'),
	('60287659', 'The Stones Are Hatching'),
	('60393645', 'Healthy Life Kitchen'),
	('60930497', 'Finding Darwin God: Scientists Search for Common Ground'),
	('60959290', 'Among the Russians'),
	('609607995', 'IBM and the Holocaust'),
	('618056777', 'Through a Window'),
	('669076791', 'American Government'),
	('671032658', 'Green Mile, The'),
	('671047310', 'The Third Option'),
	('671880756', 'Making the Mummies Dance'),
	('672314800', 'Sam\'s Teach Yourself UNIX in 24 Hours, Second Edition'),
	('672319241', 'PHP Developers Cookbook'),
	('674003306', 'Lenin: A Biography'),
	('684801523', 'Great Gatsby'),
	('684818701', 'The New Joy of Cooking'),
	('684856093', 'The 7 Habits'),
	('684869519', 'Coming Home To Jerusalem: A Personal Journey'),
	('688069711', 'The Body Electric: Electromagnetism and the Foundation of Life'),
	('688127371', 'Fish and Shellfish'),
	('688160999', 'Biomimicry : Innovation Inspired by Nature'),
	('688161995', 'How to Cook Meat'),
	('688163165', 'Mystic River'),
	('689813813', 'One Horse Waiting for Me'),
	('689829418', 'Totally the Messiest'),
	('689829531', 'Olivia'),
	('689836015', 'Silent to the Bone'),
	('70121430', ' Introduction to Algorithms'),
	('70349096', 'Distillation Design'),
	('70498415', 'Perrys Chemical Engineers Handbook'),
	('70571864', 'Chemical Technicians Ready Reference Handbook'),
	('71354190', 'Science at the Extreme: Scientists on the Cutting Edge of Discovery'),
	('716736381', 'The Triumph of Evolution...And the Failure of Creationism'),
	('72127317', 'PHP 4 Developers Guide'),
	('72127481', 'HACKING EXPOSED: NETWORK SECURITY SECRETS AND SOLUTIONS'),
	('737800033', 'Every Wall a ladder'),
	('738201960', 'The Spark of Life : Darwin and the Primeval Soup'),
	('738204374', 'Rattling the Cage: Toward Legal Rights for Animals'),
	('743202104', 'Joy of Cooking Soups and Stews'),
	('743215052', 'The Constant Gardener'),
	('750650869', 'Data Analysis for Database Design'),
	('760049254', 'The Concepts of Database'),
	('761117199', 'The Cake Mix Doctor'),
	('764547161', 'PHP4 Bible'),
	('767903854', 'In a Sunburned Country'),
	('78823927', 'Teach yourself C++'),
	('78823978', 'The complete reference HTML'),
	('789305003', 'California Pop-Up Book'),
	('789404257', 'Eyewitness Travel Guides: Italy'),
	('792393651', 'Robot Learning'),
	('805057579', 'The Predictors'),
	('805317554', 'Fundamentals of Database Systems'),
	('807825859', 'Not Afraid of Flavor'),
	('809299674', 'The Second World War in Color'),
	('810936852', 'The Georgia O_Keeffe Museum'),
	('810961695', 'The Family of Man'),
	('811213668', 'The Emigrants'),
	('811716937', 'The Sausage Making Cookbook'),
	('811826848', 'Beatles Anthology, The'),
	('812093119', 'Statistics'),
	('812520610', 'Blood Brothers'),
	('812520629', 'The Last Aerie'),
	('813527406', 'The Emergence of Life on Earth : A Historical and Scientific Overview'),
	('821762559', 'Daughter of Camelot'),
	('838479022', 'Looking Ahead'),
	('849323754', 'Bioinformatics Basics Applications in Biological Science and Medicine'),
	('850668093', 'Human-Robot Interaction'),
	('864426429', 'Lonely Planet Boston'),
	('870212850', 'The Hunt For Red October'),
	('874779758', 'Entering Space'),
	('882664778', 'Home Sausage Making'),
	('887251714', 'Skiing Everyone'),
	('910146691', 'North Carolina Hiking Trails'),
	('911625291', 'IMS for the Cobol Programmer'),
	('911625453', 'VSAM for the Cobol Programmer'),
	('911625593', 'DB2 for the Cobol Programmer'),
	('911625607', 'CICS for the Cobol Programmer'),
	('911625852', 'MVS JCL for the Cobol Programmer'),
	('932813739', 'Technology of the Gods : The Incredible Sciences of the Ancients'),
	('935039031', 'Streetwise Manhattan'),
	('935112510', 'Golf Rules Illustrated'),
	('936184388', 'The Best Recipe'),
	('961470151', 'The Jazz Piano Book'),
	('961549890', 'Kauai Underground Guide'),
	('962477060', 'Fretboard Logic SE: Volumes Combined'),
	('962593460X', 'Sushi'),
	('966625307', 'So You Want to Live in Hawaii'),
	('967174805', 'Stranger in the Woods'),
	('967697603', 'Seafood Lovers Almanac');
/*!40000 ALTER TABLE `book` ENABLE KEYS */;


-- Dumping structure for table library_project.book_authors
CREATE TABLE IF NOT EXISTS `book_authors` (
  `book_id` varchar(15) NOT NULL DEFAULT '',
  `author_name` varchar(30) NOT NULL DEFAULT '',
  PRIMARY KEY (`book_id`,`author_name`),
  CONSTRAINT `book_authors_ibfk_1` FOREIGN KEY (`book_id`) REFERENCES `book` (`book_id`)
) ENGINE=InnoDB DEFAULT CHARSET=utf8;

-- Dumping data for table library_project.book_authors: ~249 rows (approximately)
DELETE FROM `book_authors`;
/*!40000 ALTER TABLE `book_authors` DISABLE KEYS */;
INSERT INTO `book_authors` (`book_id`, `author_name`) VALUES
	('014051452X', 'Richard Cook'),
	('020163371X', 'Scott Meyers'),
	('020165783X', 'Kendall Scott'),
	('020165783X', 'Martin Fowler'),
	('034538475X', 'Anne Rice'),
	('037541164X', 'Gurcharan Das'),
	('038071115X', 'Tracy Kidder'),
	('039914563X', 'Clancy'),
	('039914563X', 'Tom Clancy'),
	('042510107X', 'Tom Clancy'),
	('062593460X', 'Greta Podleski'),
	('062593460X', 'Janet Podleski'),
	('062593460X', 'Ted Martin'),
	('067100767X', 'V.C. Andrews'),
	('067944551X', 'Geoffrey C. Ward'),
	('067976674X', 'Alice Munro'),
	('076454621X', 'Kelly L. Murdock'),
	('083512035x', 'Liu Zongen'),
	('093570261x', 'Roger L. Dekock'),
	('120594757', 'Neal G. Anderson'),
	('120848104', 'Les Beletsky'),
	('125535600', 'GM Phillips'),
	('125535600', 'PJ Taylor'),
	('130264857', 'Jan Fair'),
	('130264857', 'Sadie Bragg'),
	('130273635', 'Bruce Eckel'),
	('130819735', 'Jame Laudon'),
	('134897250', 'Alan H. Dutoit'),
	('134897250', 'Bernd Bruegge'),
	('136603904', 'Kip R. Irvine'),
	('137566107', 'Peter Abel'),
	('138613370', 'Jeffrey D. Ullman'),
	('151004714', 'Claire Messud'),
	('1552047210', 'James Herriot'),
	('1557044287', 'Ridley Scott'),
	('156007088', 'John Lewis'),
	('156007754', 'Giovanni Pontiero'),
	('156007754', 'Jose Saramago'),
	('1565922840', 'Larry Wall'),
	('1565922840', 'Randal Schwartz'),
	('1565922840', 'Tom Christiansen'),
	('1565926099', 'David Blank-Edelman'),
	('1565926269', 'Steven Roman'),
	('1565927699', 'Rasmus Lerdorf'),
	('1566912296', 'Rick Steves'),
	('1573225312', 'Chang-Rae Lee'),
	('1576572862', 'Nancy Parent'),
	('1576573842', 'Nancy Parent'),
	('1581950098', 'Kurt Johnson'),
	('1581950098', 'Steven L. Coates'),
	('1584500492', 'Mark DeLoura'),
	('1586480103', 'Andy Rooney'),
	('1586480103', 'Tom Brokaw'),
	('1861003730', 'Allan Kent'),
	('1861003730', 'Chris Lea'),
	('1861003730', 'Chris Ullman'),
	('1861003730', 'Ganesh Prasad'),
	('1861003730', 'Wankyu Choi'),
	('1864364432', 'John Ashton'),
	('1878529234', 'Craig Clunas'),
	('1884133258', 'Jamsa Klander'),
	('1902618351', 'Mei Lim (Illustrator)'),
	('1930110006', 'David Cross'),
	('198503652', 'Susan J. Blackmore'),
	('201379260', 'Nicolai M. Josuttis'),
	('201612585', 'Rajshekhar Sunderraman'),
	('201615622', 'Herb Sutter'),
	('201615711', 'Lincoln D. Stein'),
	('201634422', 'S Keshav'),
	('201700735', 'Bjarne Stroustrup'),
	('201709287', 'C.J. Date'),
	('201709287', 'Hugh Darwen'),
	('256228779', 'Gilbert Churchill'),
	('256228779', 'Paul Petter'),
	('262041642', 'Marco Colombetti'),
	('262041642', 'Marco Dorigo'),
	('262133822', 'Faith D. Aluisio'),
	('262181916', 'Ramon Y. Cajal'),
	('30059380', 'Douglas A. Skooq'),
	('30303370', 'William Rife'),
	('30615372', 'Colin M. Turnbull'),
	('312135033', 'Carolly Erickson'),
	('312965095', 'Kathleen Kane'),
	('314129499', 'Welch Gruhlt'),
	('316154075', 'Michael Connelly'),
	('316695262', 'George P. Pelecanos'),
	('316769487', 'J.D. Salinger'),
	('345298063', 'Robert K Massie'),
	('345313860', 'Anne Rice'),
	('345337662', 'Anne Rice'),
	('345350499', 'Marion Zimmer Bradley'),
	('345370775', 'Michael Crichton'),
	('345377648', 'Anne Rice'),
	('345384466', 'Anne Rice'),
	('345417623', 'Michael Crichton'),
	('345419758', 'Mass Market'),
	('345438310', 'Robert K Massie'),
	('374141231', 'Colin Tudge'),
	('374141231', 'Ian Wilmut'),
	('374141231', 'Keith Campbell'),
	('375400818', 'Robert Kimball'),
	('375502025', 'Tom Brokaw'),
	('375810609', 'Jean DE Brunhoff'),
	('385326653', 'David Almond'),
	('385479565', 'Richard Preston'),
	('387987010', 'Peter Douglas Ward'),
	('393314251', 'Stephen Jay Gould'),
	('393316009', 'Andrea Barrett'),
	('395851580', 'James Marshall'),
	('399146652', 'Lilian Jackson Braun'),
	('399147020', 'Nevada Barr'),
	('399501487', 'William Gerald Golding'),
	('425133540', 'Tom Clancy'),
	('425143325', 'Tom Clancy'),
	('425147584', 'Tom Clancy'),
	('439064864', 'J. K. Rowling'),
	('439136350', 'J. K. Rowling'),
	('439139597', 'J. K. Rowling'),
	('440413729', 'Ruth White'),
	('446310783', 'Harper Lee'),
	('449202496', 'Erich Maria Remarque'),
	('449911942', 'John Updike'),
	('452272971', 'Linda Coverdale'),
	('452272971', 'Sebastien Japrisot'),
	('465041752', 'Frans de Waal'),
	('471105597', 'David Halliday'),
	('471135615', 'Robert Zubrin'),
	('471169196', 'Kimmel Weygandt'),
	('471534781', 'Richard M. Felder'),
	('471587192', 'Garret J.Etgen'),
	('471597619', 'Gary D. Christian'),
	('505523078', 'Ann Lawrence'),
	('517707950', 'Laura Esquivel'),
	('528838180', 'Ran McNally'),
	('531164497', 'Ann O. Squire'),
	('534368018', 'Gary J. Bronson'),
	('534944469', 'Susanna S. Epp'),
	('553102370', 'Michael Crichton'),
	('553283936', 'Frederick Forsyth'),
	('553575538', 'Kay Hooper'),
	('553577476', 'Leslie Lafoy'),
	('590262540', 'K.A. Applegate'),
	('590494368', 'K.A. Applegate'),
	('590494414', 'K.A. Applegate'),
	('590496379', 'K.A. Applegate'),
	('590956159', 'K.A. Applegate'),
	('596000278', 'Jon Orwant'),
	('596000278', 'Larry Wall'),
	('596000278', 'Tom Christiansen'),
	('60287659', 'Geraldine McCaughrean'),
	('60393645', 'Lorin Henner'),
	('60393645', 'Marilu Henner'),
	('60930497', 'Kenneth R. Miller'),
	('60959290', 'Colin Thubron'),
	('609607995', 'Edwin Black'),
	('618056777', 'Jane Goodall'),
	('669076791', 'James Wilson'),
	('671032658', 'Stephen King'),
	('671047310', 'Vince Flynn'),
	('671880756', 'Thomas Hoving'),
	('672314800', 'Dave Taylor'),
	('672314800', 'James C. Armstrong'),
	('672319241', 'Andrei Zmievski'),
	('672319241', 'Sterling Hughes'),
	('674003306', 'Robert Service'),
	('684801523', 'F. Scott Fitzgerald'),
	('684818701', 'Maria D. Guarnaschelli'),
	('684856093', 'Sean Covey'),
	('684869519', 'Wendy Orange'),
	('688069711', 'Gary Selden'),
	('688127371', 'James A. Peterson'),
	('688160999', 'Janine M. Benyus'),
	('688161995', 'Chris Schlesinger'),
	('688163165', 'Dennis Lehane'),
	('689813813', 'Patricia Mullins'),
	('689829418', 'Preiss-Glasser'),
	('689829531', 'Ian Falconer'),
	('689836015', 'E. L. Konigsburg'),
	('70121430', 'Charles E. Leiserson'),
	('70121430', 'Ronald L. Rivest'),
	('70121430', 'Thomas H. Cormen'),
	('70349096', 'Henry Z. Kister'),
	('70498415', 'Robert H. Perry'),
	('70571864', 'Gershon J. Shugar'),
	('71354190', 'Peter Lane Taylor'),
	('716736381', 'Niles Eldredge'),
	('72127317', 'Blake Schwendiman'),
	('72127481', 'Joel Scambray'),
	('737800033', 'John H. Johnson'),
	('738201960', 'Christopher Wills'),
	('738204374', 'Steven M. Wise'),
	('743202104', 'Ethan Becker'),
	('743202104', 'Marion Becker'),
	('743215052', 'John Le Carre'),
	('750650869', 'David Howe'),
	('760049254', 'Philip Pratt'),
	('761117199', 'Ann Byin'),
	('761117199', 'Anthony Loew'),
	('764547161', 'Joyce Park'),
	('764547161', 'Tim Converse'),
	('767903854', 'Bill Bryson'),
	('78823927', 'Herb Schildt'),
	('78823978', 'Thomas Powell'),
	('789404257', 'Various'),
	('792393651', 'Jonalthan H. Connell'),
	('792393651', 'Sridhar Mahadevan (Editor)'),
	('805057579', 'Thomas A. Bass'),
	('805317554', 'Elmasri and Navathe'),
	('807825859', 'Ann Hawthorne'),
	('809299674', 'Adrian Wood'),
	('810936852', 'Peter H Hassrick'),
	('810961695', 'Edward Steichen'),
	('811213668', 'Michael Hulse'),
	('811213668', 'W. G. Sebald'),
	('811716937', 'Jerry Predika'),
	('811826848', 'The Beatles'),
	('812093119', 'Martin Sternstein'),
	('812520610', 'Brian Lumley'),
	('812520629', 'Brian Lumley'),
	('813527406', 'Iris Fry'),
	('821762559', 'Quinn Taylor Evans'),
	('838479022', 'Elizabeth Byleen'),
	('849323754', 'Hooman H. Rashidi'),
	('850668093', 'Mansour Rahimi (Editor)'),
	('850668093', 'Waldemar Karwowski (Editor)'),
	('864426429', 'Kim Grant'),
	('870212850', 'Tom Clancy'),
	('874779758', 'Robert Zubrin'),
	('882664778', 'Charles G. Reavis'),
	('887251714', 'Jim Cottrell'),
	('910146691', 'Allen DE Hart'),
	('911625291', 'Steve Eckols'),
	('911625453', 'Doug Lowe'),
	('911625593', 'Steve Eckols'),
	('911625607', 'Doug Lowe'),
	('911625852', 'Doug Lowe'),
	('932813739', 'David Hatcher Childress'),
	('935039031', 'Michael Brown'),
	('935112510', 'Clarke'),
	('935112510', 'Greg'),
	('936184388', 'Carl Tremblay'),
	('961470151', 'Mark Levine'),
	('961549890', 'Lenore W. Horowitz'),
	('962477060', 'Bill Edwards'),
	('962593460X', 'Ryuichi Yoshii'),
	('966625307', 'Toni Polancy'),
	('967174805', 'Carl R. Sam'),
	('967174805', 'Jean Stoick'),
	('967697603', 'Mercedes Lee');
/*!40000 ALTER TABLE `book_authors` ENABLE KEYS */;


-- Dumping structure for table library_project.book_copies
CREATE TABLE IF NOT EXISTS `book_copies` (
  `book_id` varchar(15) NOT NULL DEFAULT '',
  `branch_id` int(5) NOT NULL DEFAULT '0',
  `no_of_copies` int(5) DEFAULT NULL,
  PRIMARY KEY (`book_id`,`branch_id`),
  KEY `branch_id` (`branch_id`),
  CONSTRAINT `book_copies_ibfk_1` FOREIGN KEY (`book_id`) REFERENCES `book` (`book_id`),
  CONSTRAINT `book_copies_ibfk_2` FOREIGN KEY (`branch_id`) REFERENCES `library_branch` (`branch_id`)
) ENGINE=InnoDB DEFAULT CHARSET=utf8;

-- Dumping data for table library_project.book_copies: ~1,065 rows (approximately)
DELETE FROM `book_copies`;
/*!40000 ALTER TABLE `book_copies` DISABLE KEYS */;
INSERT INTO `book_copies` (`book_id`, `branch_id`, `no_of_copies`) VALUES
	('014051452X', 1, 4),
	('014051452X', 2, 3),
	('014051452X', 3, 3),
	('014051452X', 4, 4),
	('014051452X', 5, 3),
	('020163371X', 1, 3),
	('020163371X', 2, 1),
	('020163371X', 3, 4),
	('020163371X', 4, 2),
	('020163371X', 5, 1),
	('020165783X', 1, 4),
	('020165783X', 2, 1),
	('020165783X', 3, 2),
	('020165783X', 4, 2),
	('020165783X', 5, 4),
	('034538475X', 1, 2),
	('034538475X', 2, 1),
	('034538475X', 3, 0),
	('034538475X', 4, 2),
	('034538475X', 5, 2),
	('037541164X', 1, 2),
	('037541164X', 2, 0),
	('037541164X', 3, 4),
	('037541164X', 4, 2),
	('037541164X', 5, 1),
	('038071115X', 1, 4),
	('038071115X', 2, 1),
	('038071115X', 3, 2),
	('038071115X', 4, 2),
	('038071115X', 5, 0),
	('039914563X', 1, 4),
	('039914563X', 2, 3),
	('039914563X', 3, 2),
	('039914563X', 4, 3),
	('039914563X', 5, 2),
	('042510107X', 1, 2),
	('042510107X', 2, 4),
	('042510107X', 3, 2),
	('042510107X', 4, 3),
	('042510107X', 5, 0),
	('062593460X', 1, 2),
	('062593460X', 2, 2),
	('062593460X', 3, 0),
	('062593460X', 4, 1),
	('062593460X', 5, 3),
	('067100767X', 1, 3),
	('067100767X', 2, 2),
	('067100767X', 3, 0),
	('067100767X', 4, 3),
	('067100767X', 5, 3),
	('067944551X', 1, 3),
	('067944551X', 2, 0),
	('067944551X', 3, 0),
	('067944551X', 4, 0),
	('067944551X', 5, 0),
	('067976674X', 1, 2),
	('067976674X', 2, 1),
	('067976674X', 3, 0),
	('067976674X', 4, 3),
	('067976674X', 5, 0),
	('076454621X', 1, 3),
	('076454621X', 2, 3),
	('076454621X', 3, 3),
	('076454621X', 4, 2),
	('076454621X', 5, 2),
	('083512035x', 1, 1),
	('083512035x', 2, 4),
	('083512035x', 3, 2),
	('083512035x', 4, 4),
	('083512035x', 5, 0),
	('093570261x', 1, 3),
	('093570261x', 2, 0),
	('093570261x', 3, 0),
	('093570261x', 4, 3),
	('093570261x', 5, 1),
	('120594757', 1, 0),
	('120594757', 2, 0),
	('120594757', 3, 2),
	('120594757', 4, 1),
	('120594757', 5, 1),
	('120848104', 1, 3),
	('120848104', 2, 1),
	('120848104', 3, 1),
	('120848104', 4, 3),
	('120848104', 5, 1),
	('125535600', 1, 0),
	('125535600', 2, 4),
	('125535600', 3, 2),
	('125535600', 4, 3),
	('125535600', 5, 2),
	('130264857', 1, 3),
	('130264857', 2, 1),
	('130264857', 3, 2),
	('130264857', 4, 0),
	('130264857', 5, 0),
	('130273635', 1, 4),
	('130273635', 2, 3),
	('130273635', 3, 1),
	('130273635', 4, 1),
	('130273635', 5, 4),
	('130819735', 1, 0),
	('130819735', 2, 0),
	('130819735', 3, 1),
	('130819735', 4, 3),
	('130819735', 5, 4),
	('134897250', 1, 4),
	('134897250', 2, 1),
	('134897250', 3, 3),
	('134897250', 4, 0),
	('134897250', 5, 0),
	('136603904', 1, 1),
	('136603904', 2, 3),
	('136603904', 3, 0),
	('136603904', 4, 2),
	('136603904', 5, 0),
	('137566107', 1, 3),
	('137566107', 2, 4),
	('137566107', 3, 1),
	('137566107', 4, 1),
	('137566107', 5, 4),
	('138613370', 1, 2),
	('138613370', 2, 3),
	('138613370', 3, 2),
	('138613370', 4, 0),
	('138613370', 5, 4),
	('151004714', 1, 4),
	('151004714', 2, 3),
	('151004714', 3, 1),
	('151004714', 4, 0),
	('151004714', 5, 1),
	('1552047210', 1, 0),
	('1552047210', 2, 4),
	('1552047210', 3, 2),
	('1552047210', 4, 1),
	('1552047210', 5, 3),
	('1557044287', 1, 0),
	('1557044287', 2, 4),
	('1557044287', 3, 1),
	('1557044287', 4, 1),
	('1557044287', 5, 2),
	('156007088', 1, 3),
	('156007088', 2, 1),
	('156007088', 3, 3),
	('156007088', 4, 2),
	('156007088', 5, 1),
	('156007754', 1, 1),
	('156007754', 2, 3),
	('156007754', 3, 3),
	('156007754', 4, 0),
	('156007754', 5, 0),
	('1565922840', 1, 0),
	('1565922840', 2, 1),
	('1565922840', 3, 1),
	('1565922840', 4, 1),
	('1565922840', 5, 4),
	('1565926099', 1, 4),
	('1565926099', 2, 4),
	('1565926099', 3, 3),
	('1565926099', 4, 4),
	('1565926099', 5, 3),
	('1565926269', 1, 0),
	('1565926269', 2, 0),
	('1565926269', 3, 4),
	('1565926269', 4, 4),
	('1565926269', 5, 4),
	('1565927699', 1, 0),
	('1565927699', 2, 0),
	('1565927699', 3, 4),
	('1565927699', 4, 4),
	('1565927699', 5, 0),
	('1566912296', 1, 3),
	('1566912296', 2, 1),
	('1566912296', 3, 2),
	('1566912296', 4, 0),
	('1566912296', 5, 3),
	('1573225312', 1, 0),
	('1573225312', 2, 1),
	('1573225312', 3, 0),
	('1573225312', 4, 0),
	('1573225312', 5, 4),
	('1576572862', 1, 2),
	('1576572862', 2, 3),
	('1576572862', 3, 2),
	('1576572862', 4, 1),
	('1576572862', 5, 2),
	('1576573842', 1, 2),
	('1576573842', 2, 4),
	('1576573842', 3, 0),
	('1576573842', 4, 1),
	('1576573842', 5, 0),
	('1581950098', 1, 0),
	('1581950098', 2, 3),
	('1581950098', 3, 4),
	('1581950098', 4, 2),
	('1581950098', 5, 2),
	('1584500492', 1, 1),
	('1584500492', 2, 2),
	('1584500492', 3, 1),
	('1584500492', 4, 1),
	('1584500492', 5, 1),
	('1586480103', 1, 2),
	('1586480103', 2, 2),
	('1586480103', 3, 3),
	('1586480103', 4, 1),
	('1586480103', 5, 0),
	('1861003730', 1, 4),
	('1861003730', 2, 4),
	('1861003730', 3, 2),
	('1861003730', 4, 4),
	('1861003730', 5, 2),
	('1864364432', 1, 4),
	('1864364432', 2, 4),
	('1864364432', 3, 3),
	('1864364432', 4, 1),
	('1864364432', 5, 4),
	('1878529234', 1, 1),
	('1878529234', 2, 3),
	('1878529234', 3, 2),
	('1878529234', 4, 2),
	('1878529234', 5, 0),
	('1884133258', 1, 4),
	('1884133258', 2, 0),
	('1884133258', 3, 1),
	('1884133258', 4, 4),
	('1884133258', 5, 4),
	('1902618351', 1, 1),
	('1902618351', 2, 1),
	('1902618351', 3, 3),
	('1902618351', 4, 4),
	('1902618351', 5, 1),
	('1930110006', 1, 1),
	('1930110006', 2, 1),
	('1930110006', 3, 0),
	('1930110006', 4, 2),
	('1930110006', 5, 1),
	('198503652', 1, 2),
	('198503652', 2, 4),
	('198503652', 3, 1),
	('198503652', 4, 4),
	('198503652', 5, 1),
	('201379260', 1, 3),
	('201379260', 2, 2),
	('201379260', 3, 1),
	('201379260', 4, 1),
	('201379260', 5, 1),
	('201612585', 1, 0),
	('201612585', 2, 3),
	('201612585', 3, 1),
	('201612585', 4, 4),
	('201612585', 5, 4),
	('201615622', 1, 3),
	('201615622', 2, 4),
	('201615622', 3, 3),
	('201615622', 4, 0),
	('201615622', 5, 3),
	('201615711', 1, 0),
	('201615711', 2, 3),
	('201615711', 3, 0),
	('201615711', 4, 2),
	('201615711', 5, 2),
	('201634422', 1, 2),
	('201634422', 2, 1),
	('201634422', 3, 1),
	('201634422', 4, 0),
	('201634422', 5, 4),
	('201700735', 1, 2),
	('201700735', 2, 4),
	('201700735', 3, 2),
	('201700735', 4, 0),
	('201700735', 5, 1),
	('201709287', 1, 2),
	('201709287', 2, 1),
	('201709287', 3, 3),
	('201709287', 4, 0),
	('201709287', 5, 3),
	('256228779', 1, 0),
	('256228779', 2, 0),
	('256228779', 3, 4),
	('256228779', 4, 0),
	('256228779', 5, 0),
	('262041642', 1, 0),
	('262041642', 2, 2),
	('262041642', 3, 2),
	('262041642', 4, 0),
	('262041642', 5, 1),
	('262133822', 1, 1),
	('262133822', 2, 1),
	('262133822', 3, 0),
	('262133822', 4, 4),
	('262133822', 5, 1),
	('262181916', 1, 1),
	('262181916', 2, 1),
	('262181916', 3, 2),
	('262181916', 4, 3),
	('262181916', 5, 4),
	('30059380', 1, 4),
	('30059380', 2, 0),
	('30059380', 3, 0),
	('30059380', 4, 1),
	('30059380', 5, 4),
	('30303370', 1, 3),
	('30303370', 2, 3),
	('30303370', 3, 4),
	('30303370', 4, 4),
	('30303370', 5, 3),
	('30615372', 1, 3),
	('30615372', 2, 0),
	('30615372', 3, 3),
	('30615372', 4, 3),
	('30615372', 5, 1),
	('312135033', 1, 4),
	('312135033', 2, 1),
	('312135033', 3, 1),
	('312135033', 4, 0),
	('312135033', 5, 4),
	('312965095', 1, 4),
	('312965095', 2, 0),
	('312965095', 3, 2),
	('312965095', 4, 1),
	('312965095', 5, 3),
	('314129499', 1, 4),
	('314129499', 2, 0),
	('314129499', 3, 4),
	('314129499', 4, 0),
	('314129499', 5, 1),
	('316154075', 1, 4),
	('316154075', 2, 1),
	('316154075', 3, 4),
	('316154075', 4, 4),
	('316154075', 5, 1),
	('316695262', 1, 0),
	('316695262', 2, 3),
	('316695262', 3, 0),
	('316695262', 4, 0),
	('316695262', 5, 3),
	('316769487', 1, 2),
	('316769487', 2, 4),
	('316769487', 3, 2),
	('316769487', 4, 2),
	('316769487', 5, 1),
	('345298063', 1, 2),
	('345298063', 2, 4),
	('345298063', 3, 4),
	('345298063', 4, 2),
	('345298063', 5, 3),
	('345313860', 1, 2),
	('345313860', 2, 0),
	('345313860', 3, 1),
	('345313860', 4, 4),
	('345313860', 5, 2),
	('345337662', 1, 4),
	('345337662', 2, 4),
	('345337662', 3, 0),
	('345337662', 4, 4),
	('345337662', 5, 2),
	('345350499', 1, 3),
	('345350499', 2, 1),
	('345350499', 3, 4),
	('345350499', 4, 3),
	('345350499', 5, 4),
	('345370775', 1, 1),
	('345370775', 2, 4),
	('345370775', 3, 3),
	('345370775', 4, 4),
	('345370775', 5, 4),
	('345377648', 1, 2),
	('345377648', 2, 3),
	('345377648', 3, 1),
	('345377648', 4, 3),
	('345377648', 5, 2),
	('345384466', 1, 3),
	('345384466', 2, 0),
	('345384466', 3, 2),
	('345384466', 4, 4),
	('345384466', 5, 4),
	('345417623', 1, 1),
	('345417623', 2, 2),
	('345417623', 3, 0),
	('345417623', 4, 0),
	('345417623', 5, 3),
	('345419758', 1, 0),
	('345419758', 2, 4),
	('345419758', 3, 2),
	('345419758', 4, 4),
	('345419758', 5, 2),
	('345438310', 1, 1),
	('345438310', 2, 3),
	('345438310', 3, 2),
	('345438310', 4, 4),
	('345438310', 5, 2),
	('374141231', 1, 3),
	('374141231', 2, 1),
	('374141231', 3, 4),
	('374141231', 4, 4),
	('374141231', 5, 4),
	('375400818', 1, 3),
	('375400818', 2, 2),
	('375400818', 3, 4),
	('375400818', 4, 1),
	('375400818', 5, 2),
	('375502025', 1, 1),
	('375502025', 2, 2),
	('375502025', 3, 2),
	('375502025', 4, 0),
	('375502025', 5, 3),
	('375810609', 1, 2),
	('375810609', 2, 1),
	('375810609', 3, 1),
	('375810609', 4, 1),
	('375810609', 5, 2),
	('385326653', 1, 4),
	('385326653', 2, 4),
	('385326653', 3, 4),
	('385326653', 4, 4),
	('385326653', 5, 4),
	('385479565', 1, 4),
	('385479565', 2, 0),
	('385479565', 3, 2),
	('385479565', 4, 2),
	('385479565', 5, 4),
	('387987010', 1, 0),
	('387987010', 2, 0),
	('387987010', 3, 1),
	('387987010', 4, 0),
	('387987010', 5, 3),
	('393314251', 1, 0),
	('393314251', 2, 1),
	('393314251', 3, 3),
	('393314251', 4, 2),
	('393314251', 5, 4),
	('393316009', 1, 1),
	('393316009', 2, 0),
	('393316009', 3, 1),
	('393316009', 4, 4),
	('393316009', 5, 4),
	('395851580', 1, 2),
	('395851580', 2, 4),
	('395851580', 3, 0),
	('395851580', 4, 4),
	('395851580', 5, 2),
	('399146652', 1, 2),
	('399146652', 2, 3),
	('399146652', 3, 3),
	('399146652', 4, 2),
	('399146652', 5, 3),
	('399147020', 1, 4),
	('399147020', 2, 4),
	('399147020', 3, 1),
	('399147020', 4, 0),
	('399147020', 5, 0),
	('399501487', 1, 1),
	('399501487', 2, 2),
	('399501487', 3, 3),
	('399501487', 4, 2),
	('399501487', 5, 1),
	('425133540', 1, 2),
	('425133540', 2, 0),
	('425133540', 3, 2),
	('425133540', 4, 3),
	('425133540', 5, 3),
	('425143325', 1, 1),
	('425143325', 2, 4),
	('425143325', 3, 0),
	('425143325', 4, 3),
	('425143325', 5, 2),
	('425147584', 1, 1),
	('425147584', 2, 3),
	('425147584', 3, 3),
	('425147584', 4, 4),
	('425147584', 5, 4),
	('439064864', 1, 4),
	('439064864', 2, 4),
	('439064864', 3, 1),
	('439064864', 4, 0),
	('439064864', 5, 4),
	('439136350', 1, 4),
	('439136350', 2, 2),
	('439136350', 3, 4),
	('439136350', 4, 4),
	('439136350', 5, 4),
	('439139597', 1, 1),
	('439139597', 2, 2),
	('439139597', 3, 1),
	('439139597', 4, 2),
	('439139597', 5, 3),
	('440413729', 1, 1),
	('440413729', 2, 0),
	('440413729', 3, 3),
	('440413729', 4, 3),
	('440413729', 5, 4),
	('446310783', 1, 3),
	('446310783', 2, 3),
	('446310783', 3, 4),
	('446310783', 4, 2),
	('446310783', 5, 2),
	('449202496', 1, 4),
	('449202496', 2, 2),
	('449202496', 3, 3),
	('449202496', 4, 1),
	('449202496', 5, 4),
	('449911942', 1, 2),
	('449911942', 2, 0),
	('449911942', 3, 1),
	('449911942', 4, 1),
	('449911942', 5, 2),
	('452272971', 1, 0),
	('452272971', 2, 1),
	('452272971', 3, 0),
	('452272971', 4, 2),
	('452272971', 5, 2),
	('465041752', 1, 2),
	('465041752', 2, 2),
	('465041752', 3, 0),
	('465041752', 4, 3),
	('465041752', 5, 2),
	('471105597', 1, 3),
	('471105597', 2, 0),
	('471105597', 3, 1),
	('471105597', 4, 0),
	('471105597', 5, 2),
	('471135615', 1, 4),
	('471135615', 2, 1),
	('471135615', 3, 3),
	('471135615', 4, 4),
	('471135615', 5, 3),
	('471169196', 1, 2),
	('471169196', 2, 1),
	('471169196', 3, 0),
	('471169196', 4, 2),
	('471169196', 5, 2),
	('471534781', 1, 4),
	('471534781', 2, 0),
	('471534781', 3, 4),
	('471534781', 4, 0),
	('471534781', 5, 0),
	('471587192', 1, 1),
	('471587192', 2, 0),
	('471587192', 3, 0),
	('471587192', 4, 4),
	('471587192', 5, 4),
	('471597619', 1, 4),
	('471597619', 2, 0),
	('471597619', 3, 3),
	('471597619', 4, 2),
	('471597619', 5, 2),
	('505523078', 1, 2),
	('505523078', 2, 3),
	('505523078', 3, 2),
	('505523078', 4, 0),
	('505523078', 5, 1),
	('517707950', 1, 3),
	('517707950', 2, 4),
	('517707950', 3, 4),
	('517707950', 4, 1),
	('517707950', 5, 0),
	('528838180', 1, 1),
	('528838180', 2, 1),
	('528838180', 3, 4),
	('528838180', 4, 1),
	('528838180', 5, 2),
	('531164497', 1, 3),
	('531164497', 2, 1),
	('531164497', 3, 0),
	('531164497', 4, 2),
	('531164497', 5, 1),
	('534368018', 1, 0),
	('534368018', 2, 0),
	('534368018', 3, 3),
	('534368018', 4, 1),
	('534368018', 5, 1),
	('534944469', 1, 1),
	('534944469', 2, 2),
	('534944469', 3, 2),
	('534944469', 4, 4),
	('534944469', 5, 4),
	('553102370', 1, 1),
	('553102370', 2, 3),
	('553102370', 3, 4),
	('553102370', 4, 2),
	('553102370', 5, 3),
	('553283936', 1, 2),
	('553283936', 2, 1),
	('553283936', 3, 1),
	('553283936', 4, 4),
	('553283936', 5, 2),
	('553575538', 1, 0),
	('553575538', 2, 4),
	('553575538', 3, 0),
	('553575538', 4, 2),
	('553575538', 5, 3),
	('553577476', 1, 4),
	('553577476', 2, 1),
	('553577476', 3, 1),
	('553577476', 4, 4),
	('553577476', 5, 4),
	('590262540', 1, 2),
	('590262540', 2, 4),
	('590262540', 3, 1),
	('590262540', 4, 0),
	('590262540', 5, 2),
	('590494368', 1, 3),
	('590494368', 2, 3),
	('590494368', 3, 1),
	('590494368', 4, 1),
	('590494368', 5, 4),
	('590494414', 1, 1),
	('590494414', 2, 1),
	('590494414', 3, 0),
	('590494414', 4, 1),
	('590494414', 5, 2),
	('590496379', 1, 1),
	('590496379', 2, 2),
	('590496379', 3, 0),
	('590496379', 4, 0),
	('590496379', 5, 2),
	('590956159', 1, 3),
	('590956159', 2, 4),
	('590956159', 3, 4),
	('590956159', 4, 0),
	('590956159', 5, 1),
	('596000278', 1, 0),
	('596000278', 2, 3),
	('596000278', 3, 0),
	('596000278', 4, 1),
	('596000278', 5, 2),
	('60287659', 1, 3),
	('60287659', 2, 3),
	('60287659', 3, 0),
	('60287659', 4, 3),
	('60287659', 5, 4),
	('60393645', 1, 4),
	('60393645', 2, 4),
	('60393645', 3, 1),
	('60393645', 4, 1),
	('60393645', 5, 0),
	('60930497', 1, 1),
	('60930497', 2, 1),
	('60930497', 3, 0),
	('60930497', 4, 3),
	('60930497', 5, 4),
	('60959290', 1, 1),
	('60959290', 2, 0),
	('60959290', 3, 2),
	('60959290', 4, 2),
	('60959290', 5, 0),
	('609607995', 1, 1),
	('609607995', 2, 2),
	('609607995', 3, 4),
	('609607995', 4, 2),
	('609607995', 5, 2),
	('618056777', 1, 3),
	('618056777', 2, 4),
	('618056777', 3, 2),
	('618056777', 4, 2),
	('618056777', 5, 4),
	('669076791', 1, 3),
	('669076791', 2, 0),
	('669076791', 3, 2),
	('669076791', 4, 1),
	('669076791', 5, 3),
	('671032658', 1, 3),
	('671032658', 2, 3),
	('671032658', 3, 3),
	('671032658', 4, 1),
	('671032658', 5, 4),
	('671047310', 1, 2),
	('671047310', 2, 4),
	('671047310', 3, 1),
	('671047310', 4, 0),
	('671047310', 5, 2),
	('671880756', 1, 1),
	('671880756', 2, 3),
	('671880756', 3, 2),
	('671880756', 4, 3),
	('671880756', 5, 1),
	('672314800', 1, 1),
	('672314800', 2, 4),
	('672314800', 3, 2),
	('672314800', 4, 0),
	('672314800', 5, 0),
	('672319241', 1, 3),
	('672319241', 2, 4),
	('672319241', 3, 1),
	('672319241', 4, 3),
	('672319241', 5, 4),
	('674003306', 1, 3),
	('674003306', 2, 2),
	('674003306', 3, 1),
	('674003306', 4, 1),
	('674003306', 5, 1),
	('684801523', 1, 4),
	('684801523', 2, 2),
	('684801523', 3, 2),
	('684801523', 4, 2),
	('684801523', 5, 3),
	('684818701', 1, 4),
	('684818701', 2, 1),
	('684818701', 3, 1),
	('684818701', 4, 0),
	('684818701', 5, 1),
	('684856093', 1, 3),
	('684856093', 2, 4),
	('684856093', 3, 1),
	('684856093', 4, 0),
	('684856093', 5, 2),
	('684869519', 1, 0),
	('684869519', 2, 3),
	('684869519', 3, 3),
	('684869519', 4, 0),
	('684869519', 5, 1),
	('688069711', 1, 1),
	('688069711', 2, 0),
	('688069711', 3, 4),
	('688069711', 4, 3),
	('688069711', 5, 4),
	('688127371', 1, 3),
	('688127371', 2, 4),
	('688127371', 3, 4),
	('688127371', 4, 3),
	('688127371', 5, 2),
	('688160999', 1, 1),
	('688160999', 2, 1),
	('688160999', 3, 1),
	('688160999', 4, 3),
	('688160999', 5, 3),
	('688161995', 1, 3),
	('688161995', 2, 4),
	('688161995', 3, 1),
	('688161995', 4, 4),
	('688161995', 5, 1),
	('688163165', 1, 0),
	('688163165', 2, 2),
	('688163165', 3, 4),
	('688163165', 4, 1),
	('688163165', 5, 1),
	('689813813', 1, 2),
	('689813813', 2, 3),
	('689813813', 3, 2),
	('689813813', 4, 1),
	('689813813', 5, 3),
	('689829418', 1, 0),
	('689829418', 2, 1),
	('689829418', 3, 4),
	('689829418', 4, 3),
	('689829418', 5, 3),
	('689829531', 1, 1),
	('689829531', 2, 2),
	('689829531', 3, 1),
	('689829531', 4, 2),
	('689829531', 5, 0),
	('689836015', 1, 3),
	('689836015', 2, 0),
	('689836015', 3, 4),
	('689836015', 4, 4),
	('689836015', 5, 2),
	('70121430', 1, 1),
	('70121430', 2, 4),
	('70121430', 3, 4),
	('70121430', 4, 0),
	('70121430', 5, 4),
	('70349096', 1, 3),
	('70349096', 2, 4),
	('70349096', 3, 4),
	('70349096', 4, 1),
	('70349096', 5, 2),
	('70498415', 1, 0),
	('70498415', 2, 2),
	('70498415', 3, 1),
	('70498415', 4, 4),
	('70498415', 5, 2),
	('70571864', 1, 4),
	('70571864', 2, 0),
	('70571864', 3, 4),
	('70571864', 4, 0),
	('70571864', 5, 3),
	('71354190', 1, 0),
	('71354190', 2, 4),
	('71354190', 3, 2),
	('71354190', 4, 0),
	('71354190', 5, 3),
	('716736381', 1, 4),
	('716736381', 2, 4),
	('716736381', 3, 1),
	('716736381', 4, 1),
	('716736381', 5, 1),
	('72127317', 1, 2),
	('72127317', 2, 4),
	('72127317', 3, 4),
	('72127317', 4, 2),
	('72127317', 5, 3),
	('72127481', 1, 2),
	('72127481', 2, 4),
	('72127481', 3, 4),
	('72127481', 4, 1),
	('72127481', 5, 0),
	('737800033', 1, 2),
	('737800033', 2, 0),
	('737800033', 3, 2),
	('737800033', 4, 3),
	('737800033', 5, 3),
	('738201960', 1, 2),
	('738201960', 2, 1),
	('738201960', 3, 3),
	('738201960', 4, 2),
	('738201960', 5, 1),
	('738204374', 1, 4),
	('738204374', 2, 0),
	('738204374', 3, 1),
	('738204374', 4, 2),
	('738204374', 5, 4),
	('743202104', 1, 4),
	('743202104', 2, 0),
	('743202104', 3, 3),
	('743202104', 4, 0),
	('743202104', 5, 3),
	('743215052', 1, 3),
	('743215052', 2, 1),
	('743215052', 3, 0),
	('743215052', 4, 2),
	('743215052', 5, 3),
	('750650869', 1, 3),
	('750650869', 2, 2),
	('750650869', 3, 1),
	('750650869', 4, 2),
	('750650869', 5, 4),
	('760049254', 1, 0),
	('760049254', 2, 0),
	('760049254', 3, 1),
	('760049254', 4, 0),
	('760049254', 5, 2),
	('761117199', 1, 0),
	('761117199', 2, 1),
	('761117199', 3, 1),
	('761117199', 4, 2),
	('761117199', 5, 2),
	('764547161', 1, 2),
	('764547161', 2, 1),
	('764547161', 3, 2),
	('764547161', 4, 2),
	('764547161', 5, 4),
	('767903854', 1, 1),
	('767903854', 2, 1),
	('767903854', 3, 0),
	('767903854', 4, 3),
	('767903854', 5, 4),
	('78823927', 1, 1),
	('78823927', 2, 4),
	('78823927', 3, 0),
	('78823927', 4, 3),
	('78823927', 5, 4),
	('78823978', 1, 2),
	('78823978', 2, 2),
	('78823978', 3, 0),
	('78823978', 4, 4),
	('78823978', 5, 4),
	('789305003', 1, 3),
	('789305003', 2, 4),
	('789305003', 3, 0),
	('789305003', 4, 1),
	('789305003', 5, 3),
	('789404257', 1, 1),
	('789404257', 2, 0),
	('789404257', 3, 2),
	('789404257', 4, 0),
	('789404257', 5, 1),
	('792393651', 1, 1),
	('792393651', 2, 0),
	('792393651', 3, 1),
	('792393651', 4, 0),
	('792393651', 5, 3),
	('805057579', 1, 1),
	('805057579', 2, 4),
	('805057579', 3, 2),
	('805057579', 4, 0),
	('805057579', 5, 0),
	('805317554', 1, 4),
	('805317554', 2, 1),
	('805317554', 3, 1),
	('805317554', 4, 1),
	('805317554', 5, 1),
	('807825859', 1, 2),
	('807825859', 2, 4),
	('807825859', 3, 1),
	('807825859', 4, 2),
	('807825859', 5, 2),
	('809299674', 1, 2),
	('809299674', 2, 2),
	('809299674', 3, 2),
	('809299674', 4, 2),
	('809299674', 5, 3),
	('810936852', 1, 0),
	('810936852', 2, 2),
	('810936852', 3, 4),
	('810936852', 4, 0),
	('810936852', 5, 3),
	('810961695', 1, 2),
	('810961695', 2, 2),
	('810961695', 3, 2),
	('810961695', 4, 0),
	('810961695', 5, 2),
	('811213668', 1, 2),
	('811213668', 2, 3),
	('811213668', 3, 2),
	('811213668', 4, 1),
	('811213668', 5, 1),
	('811716937', 1, 3),
	('811716937', 2, 2),
	('811716937', 3, 2),
	('811716937', 4, 3),
	('811716937', 5, 3),
	('811826848', 1, 1),
	('811826848', 2, 0),
	('811826848', 3, 2),
	('811826848', 4, 2),
	('811826848', 5, 0),
	('812093119', 1, 2),
	('812093119', 2, 2),
	('812093119', 3, 2),
	('812093119', 4, 3),
	('812093119', 5, 1),
	('812520610', 1, 2),
	('812520610', 2, 3),
	('812520610', 3, 2),
	('812520610', 4, 2),
	('812520610', 5, 0),
	('812520629', 1, 1),
	('812520629', 2, 0),
	('812520629', 3, 1),
	('812520629', 4, 4),
	('812520629', 5, 4),
	('813527406', 1, 3),
	('813527406', 2, 3),
	('813527406', 3, 3),
	('813527406', 4, 4),
	('813527406', 5, 3),
	('821762559', 1, 4),
	('821762559', 2, 1),
	('821762559', 3, 1),
	('821762559', 4, 3),
	('821762559', 5, 4),
	('838479022', 1, 3),
	('838479022', 2, 1),
	('838479022', 3, 2),
	('838479022', 4, 2),
	('838479022', 5, 2),
	('849323754', 1, 1),
	('849323754', 2, 1),
	('849323754', 3, 3),
	('849323754', 4, 0),
	('849323754', 5, 4),
	('850668093', 1, 0),
	('850668093', 2, 3),
	('850668093', 3, 2),
	('850668093', 4, 4),
	('850668093', 5, 3),
	('864426429', 1, 3),
	('864426429', 2, 2),
	('864426429', 3, 1),
	('864426429', 4, 3),
	('864426429', 5, 0),
	('870212850', 1, 1),
	('870212850', 2, 2),
	('870212850', 3, 0),
	('870212850', 4, 3),
	('870212850', 5, 2),
	('874779758', 1, 3),
	('874779758', 2, 3),
	('874779758', 3, 4),
	('874779758', 4, 3),
	('874779758', 5, 0),
	('882664778', 1, 2),
	('882664778', 2, 1),
	('882664778', 3, 3),
	('882664778', 4, 0),
	('882664778', 5, 2),
	('887251714', 1, 1),
	('887251714', 2, 3),
	('887251714', 3, 1),
	('887251714', 4, 3),
	('887251714', 5, 4),
	('910146691', 1, 3),
	('910146691', 2, 4),
	('910146691', 3, 4),
	('910146691', 4, 0),
	('910146691', 5, 3),
	('911625291', 1, 3),
	('911625291', 2, 1),
	('911625291', 3, 1),
	('911625291', 4, 0),
	('911625291', 5, 2),
	('911625453', 1, 1),
	('911625453', 2, 4),
	('911625453', 3, 1),
	('911625453', 4, 0),
	('911625453', 5, 3),
	('911625593', 1, 4),
	('911625593', 2, 0),
	('911625593', 3, 1),
	('911625593', 4, 3),
	('911625593', 5, 2),
	('911625607', 1, 2),
	('911625607', 2, 2),
	('911625607', 3, 0),
	('911625607', 4, 4),
	('911625607', 5, 2),
	('911625852', 1, 0),
	('911625852', 2, 2),
	('911625852', 3, 1),
	('911625852', 4, 1),
	('911625852', 5, 0),
	('932813739', 1, 2),
	('932813739', 2, 0),
	('932813739', 3, 3),
	('932813739', 4, 2),
	('932813739', 5, 4),
	('935039031', 1, 2),
	('935039031', 2, 4),
	('935039031', 3, 4),
	('935039031', 4, 0),
	('935039031', 5, 0),
	('935112510', 1, 1),
	('935112510', 2, 2),
	('935112510', 3, 4),
	('935112510', 4, 0),
	('935112510', 5, 3),
	('936184388', 1, 2),
	('936184388', 2, 0),
	('936184388', 3, 4),
	('936184388', 4, 4),
	('936184388', 5, 3),
	('961470151', 1, 4),
	('961470151', 2, 4),
	('961470151', 3, 0),
	('961470151', 4, 2),
	('961470151', 5, 1),
	('961549890', 1, 4),
	('961549890', 2, 1),
	('961549890', 3, 2),
	('961549890', 4, 0),
	('961549890', 5, 1),
	('962477060', 1, 3),
	('962477060', 2, 0),
	('962477060', 3, 0),
	('962477060', 4, 3),
	('962477060', 5, 4),
	('962593460X', 1, 4),
	('962593460X', 2, 2),
	('962593460X', 3, 2),
	('962593460X', 4, 4),
	('962593460X', 5, 1),
	('966625307', 1, 4),
	('966625307', 2, 0),
	('966625307', 3, 4),
	('966625307', 4, 1),
	('966625307', 5, 2),
	('967174805', 1, 4),
	('967174805', 2, 0),
	('967174805', 3, 2),
	('967174805', 4, 2),
	('967174805', 5, 3),
	('967697603', 1, 0),
	('967697603', 2, 1),
	('967697603', 3, 4),
	('967697603', 4, 3),
	('967697603', 5, 0);
/*!40000 ALTER TABLE `book_copies` ENABLE KEYS */;


-- Dumping structure for table library_project.book_loans
CREATE TABLE IF NOT EXISTS `book_loans` (
  `loan_id` int(5) NOT NULL AUTO_INCREMENT,
  `book_id` varchar(15) NOT NULL DEFAULT '',
  `branch_id` int(5) NOT NULL DEFAULT '0',
  `card_no` varchar(10) NOT NULL DEFAULT '',
  `date_out` date DEFAULT NULL,
  `due_date` date DEFAULT NULL,
  `date_in` date DEFAULT NULL,
  PRIMARY KEY (`loan_id`,`book_id`,`branch_id`,`card_no`),
  KEY `branch_id` (`branch_id`),
  KEY `card_no` (`card_no`),
  KEY `book_loans_ibfk_1` (`book_id`),
  CONSTRAINT `book_loans_ibfk_1` FOREIGN KEY (`book_id`) REFERENCES `book` (`book_id`),
  CONSTRAINT `book_loans_ibfk_2` FOREIGN KEY (`branch_id`) REFERENCES `library_branch` (`branch_id`),
  CONSTRAINT `book_loans_ibfk_3` FOREIGN KEY (`card_no`) REFERENCES `borrower` (`card_no`)
) ENGINE=InnoDB DEFAULT CHARSET=utf8;

-- Dumping data for table library_project.book_loans: ~0 rows (approximately)
DELETE FROM `book_loans`;
/*!40000 ALTER TABLE `book_loans` DISABLE KEYS */;
/*!40000 ALTER TABLE `book_loans` ENABLE KEYS */;


-- Dumping structure for table library_project.borrower
CREATE TABLE IF NOT EXISTS `borrower` (
  `card_no` varchar(10) NOT NULL DEFAULT '',
  `fname` varchar(25) DEFAULT NULL,
  `lname` varchar(25) DEFAULT NULL,
  `address` varchar(35) DEFAULT NULL,
  `phone` varchar(15) DEFAULT NULL,
  PRIMARY KEY (`card_no`)
) ENGINE=InnoDB DEFAULT CHARSET=utf8;

-- Dumping data for table library_project.borrower: ~44 rows (approximately)
DELETE FROM `borrower`;
/*!40000 ALTER TABLE `borrower` DISABLE KEYS */;
INSERT INTO `borrower` (`card_no`, `fname`, `lname`, `address`, `phone`) VALUES
	('278', 'ABC', 'DEF', '123456', '1111111111'),
	('729', 'Bragdish', 'Ramachandran', '123 McCallum', '9728789435'),
	('753', 'Ab', 'CD', '123', ''),
	('9001', 'Jared', 'James', '123 Peachtree, Atlanta, GA', '(951) 818-4967'),
	('9002', 'Jon', 'Jones', '111 Allgood, Atlanta, GA', '(382) 354-6154'),
	('9003', 'Justin', 'Mark', '2342 May, Atlanta, GA', '(784) 537-6659'),
	('9004', 'Brad', 'Knight', '176 Main St., Atlanta, GA', '(727) 440-0422'),
	('9005', 'John', 'Smith', '731 Fondren, Houston, TX', '(353) 328-2218'),
	('9006', 'Evan', 'Wallis', '134 Pelham, Milwaukee, WI', '(491) 789-9683'),
	('9007', 'Josh', 'Zell', '266 McGrady, Milwaukee, WI', '(971) 718-7235'),
	('9008', 'Andy', 'Vile', '1967 Jordan, Milwaukee, WI', '(551) 374-5503'),
	('9009', 'Tom', 'Brand', '112 Third St, Milwaukee, WI', '(459) 897-9919'),
	('9010', 'Jenny', 'Vos', '263 Mayberry, Milwaukee, WI', '(588) 611-1968'),
	('9011', 'Chris', 'Carter', '565 Jordan, Milwaukee, WI', '(450) 314-8107'),
	('9012', 'Kim', 'Grace', '6677 Mills Ave, Sacramento, CA', '(691) 743-9888'),
	('9013', 'Jeff', 'Chase', '145 Bradbury, Sacramento, CA', '(372) 255-6961'),
	('9014', 'Franklin', 'Wong', '638 Voss, Houston, TX', '(933) 321-8228'),
	('9015', 'Alex', 'Freed', '4333 Pillsbury, Milwaukee, WI', '(449) 362-2794'),
	('9016', 'Bonnie', 'Bays', '111 Hollow, Milwaukee, WI', '(403) 453-8639'),
	('9017', 'Alec', 'Best', '233 Solid, Milwaukee, WI', '(636) 940-0022'),
	('9018', 'Sam', 'Snedden', '987 Windy St, Milwaukee, WI', '(762) 684-5034'),
	('9019', 'Joyce', 'English', '5631 Rice, Houston, TX', '(323) 375-5925'),
	('9020', 'John', 'James', '7676 Bloomington, Sacramento, CA', '(455) 592-4524'),
	('9021', 'John', 'Smith', '2103 E. Brazos, Victoria, TX', '(973) 482-1856'),
	('9022', 'Nandita', 'Ball', '222 Howard, Sacramento, CA', '(505) 949-3746'),
	('9023', 'Bob', 'Bender', '8794 Garfield, Chicago, IL', '(731) 223-8737'),
	('9024', 'Jill', 'Jarvis', '6234 Lincoln, Chicago, IL', '(663) 900-1067'),
	('9025', 'Kate', 'King', '1976 Boone Trace, Chicago, IL', '(334) 606-1839'),
	('9026', 'Lyle', 'Leslie', '417 Hancock Ave, Chicago, IL', '(589) 211-0844'),
	('9027', 'Billie', 'King', '556 Washington, Chicago, IL', '(927) 639-4407'),
	('9028', 'Jon', 'Kramer', '1988 Windy Creek, Seattle, WA', '(919) 698-9121'),
	('9029', 'Ray', 'King', '213 Delk Road, Seattle, WA', '(305) 606-7831'),
	('9030', 'Gerald', 'Small', '122 Ball Street, Dallas, TX', '(649) 217-6716'),
	('9031', 'Arnold', 'Head', '233 Spring St, Dallas, TX', '(875) 738-0055'),
	('9032', 'Helga', 'Pataki', '101 Holyoke St, Dallas, TX', '(310) 380-9260'),
	('9033', 'Naveen', 'Drew', '198 Elm St, Philadelphia, PA', '(951) 931-7427'),
	('9034', 'Carl', 'Reedy', '213 Ball St, Philadelphia, PA', '(352) 757-0242'),
	('9035', 'Sammy', 'Hall', '433 Main Street, Miami, FL', '(233) 573-4872'),
	('9036', 'Red', 'Bacher', '196 Elm Street, Miami, FL', '(252) 631-2972'),
	('9037', 'Ramesh', 'Narayan', '971 Fire Oak, Humble, TX', '(795) 414-1503'),
	('9038', 'James', 'Borg', '450 Stone, Houston, TX', '(894) 213-1551'),
	('9039', 'Jennifer', 'Wallace', '291 Berry, Bellaire, TX', '(786) 486-4159'),
	('9040', 'Ahmad', 'Jabbar', '980 Dallas, Houston, TX', '(582) 934-7146'),
	('9041', 'Alicia', 'Zelaya', '321 Castle, Spring, TX', '(534) 535-7531');
/*!40000 ALTER TABLE `borrower` ENABLE KEYS */;


-- Dumping structure for table library_project.fines
CREATE TABLE IF NOT EXISTS `fines` (
  `loan_id` int(5) NOT NULL AUTO_INCREMENT,
  `fine_amt` decimal(10,2) NOT NULL,
  `paid` tinyint(1) NOT NULL,
  PRIMARY KEY (`loan_id`),
  CONSTRAINT `fines_ibfk_1` FOREIGN KEY (`loan_id`) REFERENCES `book_loans` (`loan_id`) ON DELETE CASCADE ON UPDATE CASCADE
) ENGINE=InnoDB DEFAULT CHARSET=latin1;

-- Dumping data for table library_project.fines: ~0 rows (approximately)
DELETE FROM `fines`;
/*!40000 ALTER TABLE `fines` DISABLE KEYS */;
/*!40000 ALTER TABLE `fines` ENABLE KEYS */;


-- Dumping structure for table library_project.history
CREATE TABLE IF NOT EXISTS `history` (
  `card_no` varchar(10) NOT NULL DEFAULT '',
  `fname` varchar(25) DEFAULT NULL,
  `lname` varchar(25) DEFAULT NULL,
  `address` varchar(35) DEFAULT NULL,
  `phone` varchar(15) DEFAULT NULL,
  PRIMARY KEY (`card_no`)
) ENGINE=InnoDB DEFAULT CHARSET=utf8;

-- Dumping data for table library_project.history: ~8 rows (approximately)
DELETE FROM `history`;
/*!40000 ALTER TABLE `history` DISABLE KEYS */;
INSERT INTO `history` (`card_no`, `fname`, `lname`, `address`, `phone`) VALUES
	('121', 'AB', 'CD', '123', ''),
	('294', 'AB', 'CD', '123', ''),
	('366', 'AB', 'CD', '123', ''),
	('428', 'AB', 'CD', '123', ''),
	('548', 'Bragdish', 'Ram', '123 Dallas TX', '9728789435'),
	('679', 'AB', 'CD', '123', ''),
	('86', 'AB', 'CD', '123', ''),
	('900', 'AB', 'CD', '123', '');
/*!40000 ALTER TABLE `history` ENABLE KEYS */;


-- Dumping structure for table library_project.library_branch
CREATE TABLE IF NOT EXISTS `library_branch` (
  `branch_id` int(5) NOT NULL DEFAULT '0',
  `branch_name` varchar(25) DEFAULT NULL,
  `address` varchar(35) DEFAULT NULL,
  PRIMARY KEY (`branch_id`)
) ENGINE=InnoDB DEFAULT CHARSET=utf8;

-- Dumping data for table library_project.library_branch: ~5 rows (approximately)
DELETE FROM `library_branch`;
/*!40000 ALTER TABLE `library_branch` DISABLE KEYS */;
INSERT INTO `library_branch` (`branch_id`, `branch_name`, `address`) VALUES
	(1, 'Oak Lawn', '4100 Cedar Springs Road, 75219'),
	(2, 'Lakewood', '6121 Worth Street, 75214'),
	(3, 'Grauwyler Park', '2146 Gilford Street, 75235'),
	(4, 'Highland Hills', '3624 Simpson Stuart Road, 75241'),
	(5, 'Audelia Road', '10045 Audelia Road, 75238');
/*!40000 ALTER TABLE `library_branch` ENABLE KEYS */;
/*!40101 SET SQL_MODE=IFNULL(@OLD_SQL_MODE, '') */;
/*!40014 SET FOREIGN_KEY_CHECKS=IF(@OLD_FOREIGN_KEY_CHECKS IS NULL, 1, @OLD_FOREIGN_KEY_CHECKS) */;
/*!40101 SET CHARACTER_SET_CLIENT=@OLD_CHARACTER_SET_CLIENT */;
